{
    "name": "root",
    "gauges": {
        "ChessBot.Policy.Entropy.mean": {
            "value": 10.817468643188477,
            "min": 10.817468643188477,
            "max": 10.817468643188477,
            "count": 1
        },
        "ChessBot.Policy.Entropy.sum": {
            "value": 541554.9375,
            "min": 541554.9375,
            "max": 541554.9375,
            "count": 1
        },
        "ChessBot.Step.mean": {
            "value": 49983.0,
            "min": 49983.0,
            "max": 49983.0,
            "count": 1
        },
        "ChessBot.Step.sum": {
            "value": 49983.0,
            "min": 49983.0,
            "max": 49983.0,
            "count": 1
        },
        "ChessBot.Policy.ExtrinsicValueEstimate.mean": {
            "value": 621444672.0,
            "min": 621444672.0,
            "max": 621444672.0,
            "count": 1
        },
        "ChessBot.Policy.ExtrinsicValueEstimate.sum": {
            "value": 487212613632.0,
            "min": 487212613632.0,
            "max": 487212613632.0,
            "count": 1
        },
        "ChessBot.Environment.EpisodeLength.mean": {
            "value": 9998.75,
            "min": 9998.75,
            "max": 9998.75,
            "count": 1
        },
        "ChessBot.Environment.EpisodeLength.sum": {
            "value": 39995.0,
            "min": 39995.0,
            "max": 39995.0,
            "count": 1
        },
        "ChessBot.Environment.CumulativeReward.mean": {
            "value": -9801.75,
            "min": -9801.75,
            "max": -9801.75,
            "count": 1
        },
        "ChessBot.Environment.CumulativeReward.sum": {
            "value": -39207.0,
            "min": -39207.0,
            "max": -39207.0,
            "count": 1
        },
        "ChessBot.Policy.ExtrinsicReward.mean": {
            "value": -9801.75,
            "min": -9801.75,
            "max": -9801.75,
            "count": 1
        },
        "ChessBot.Policy.ExtrinsicReward.sum": {
            "value": -39207.0,
            "min": -39207.0,
            "max": -39207.0,
            "count": 1
        },
        "ChessBot.Losses.PolicyLoss.mean": {
            "value": 0.03605603293981403,
            "min": 0.03605603293981403,
            "max": 0.03605603293981403,
            "count": 1
        },
        "ChessBot.Losses.PolicyLoss.sum": {
            "value": 0.1442241317592561,
            "min": 0.1442241317592561,
            "max": 0.1442241317592561,
            "count": 1
        },
        "ChessBot.Losses.ValueLoss.mean": {
            "value": 1.1876270846579218e+16,
            "min": 1.1876270846579218e+16,
            "max": 1.1876270846579218e+16,
            "count": 1
        },
        "ChessBot.Losses.ValueLoss.sum": {
            "value": 4.750508338631687e+16,
            "min": 4.750508338631687e+16,
            "max": 4.750508338631687e+16,
            "count": 1
        },
        "ChessBot.Policy.LearningRate.mean": {
            "value": 0.00028460175513275,
            "min": 0.00028460175513275,
            "max": 0.00028460175513275,
            "count": 1
        },
        "ChessBot.Policy.LearningRate.sum": {
            "value": 0.001138407020531,
            "min": 0.001138407020531,
            "max": 0.001138407020531,
            "count": 1
        },
        "ChessBot.Policy.Epsilon.mean": {
            "value": 0.19486725,
            "min": 0.19486725,
            "max": 0.19486725,
            "count": 1
        },
        "ChessBot.Policy.Epsilon.sum": {
            "value": 0.779469,
            "min": 0.779469,
            "max": 0.779469,
            "count": 1
        },
        "ChessBot.Policy.Beta.mean": {
            "value": 0.004743875775,
            "min": 0.004743875775,
            "max": 0.004743875775,
            "count": 1
        },
        "ChessBot.Policy.Beta.sum": {
            "value": 0.0189755031,
            "min": 0.0189755031,
            "max": 0.0189755031,
            "count": 1
        },
        "ChessBot.IsTraining.mean": {
            "value": 1.0,
            "min": 1.0,
            "max": 1.0,
            "count": 1
        },
        "ChessBot.IsTraining.sum": {
            "value": 1.0,
            "min": 1.0,
            "max": 1.0,
            "count": 1
        }
    },
    "metadata": {
        "timer_format_version": "0.1.0",
        "start_time_seconds": "1741827740",
        "python_version": "3.10.11 (tags/v3.10.11:7d4cc5a, Apr  5 2023, 00:38:17) [MSC v.1929 64 bit (AMD64)]",
        "command_line_arguments": "C:\\Users\\yusuk\\Documents\\GitHub\\ChessTypeGame\\venv\\Scripts\\mlagents-learn --force",
        "mlagents_version": "1.1.0",
        "mlagents_envs_version": "1.1.0",
        "communication_protocol_version": "1.5.0",
        "pytorch_version": "2.2.2+cu121",
        "numpy_version": "1.23.5",
        "end_time_seconds": "1741828696"
    },
    "total": 956.1640575000056,
    "count": 1,
    "self": 0.007992400001967326,
    "children": {
        "run_training.setup": {
            "total": 0.0218550999998115,
            "count": 1,
            "self": 0.0218550999998115
        },
        "TrainerController.start_learning": {
            "total": 956.1342100000038,
            "count": 1,
            "self": 1.2282188000972383,
            "children": {
                "TrainerController._reset_env": {
                    "total": 9.878079599999182,
                    "count": 1,
                    "self": 9.878079599999182
                },
                "TrainerController.advance": {
                    "total": 944.8290056999031,
                    "count": 67975,
                    "self": 1.2197427011851687,
                    "children": {
                        "env_step": {
                            "total": 923.5269668994297,
                            "count": 67975,
                            "self": 376.2236033008812,
                            "children": {
                                "SubprocessEnvManager._take_step": {
                                    "total": 546.4117916996256,
                                    "count": 67976,
                                    "self": 4.184351097923354,
                                    "children": {
                                        "TorchPolicy.evaluate": {
                                            "total": 542.2274406017023,
                                            "count": 67976,
                                            "self": 542.2274406017023
                                        }
                                    }
                                },
                                "workers": {
                                    "total": 0.891571898922848,
                                    "count": 67974,
                                    "self": 0.0,
                                    "children": {
                                        "worker_root": {
                                            "total": 919.4915708000844,
                                            "count": 67974,
                                            "is_parallel": true,
                                            "self": 630.7833523009831,
                                            "children": {
                                                "steps_from_proto": {
                                                    "total": 0.0010551999948802404,
                                                    "count": 2,
                                                    "is_parallel": true,
                                                    "self": 0.0006322999906842597,
                                                    "children": {
                                                        "_process_rank_one_or_two_observation": {
                                                            "total": 0.00042290000419598073,